Tem,DO,BOD,COD,Chla,TN,TTP,pH,NH4N,NH3N,PO4P,SS
4,12.6,1.1,2.5,9.5,1.617,0.028,8.5,0.152,0.724,0.002,3.1
23,8.9,1.4,2.9,13.8,1.218,0.016,8.8,0.07,0.692,0.009,1.8
23,9,1.5,2.5,6.1,1.977,0.033,8,0.314,0.971,0.006,2
6,13.3,1.2,2.7,3.1,1.823,0.03,8.1,0.372,0.972,0.011,1
5,13.3,1,2.8,10.3,1.745,0.016,7.8,0.279,0.785,0.001,3.8
21,8.4,1.2,2.4,7.2,1.854,0.02,8.3,0.375,0.879,0.009,3.6
23,8.6,1.3,3.2,15.7,1.952,0.046,7.8,0.411,1.007,0.012,5.4
20,8.2,0.9,2.8,5.4,1.669,0.033,7.2,0.173,0.759,0.006,6.4
20,8.8,1.1,2.4,10.2,1.611,0.039,7.5,0.216,0.911,0.009,5
4,12.2,1,2.2,9.8,1.922,0.041,8.1,0.497,1.002,0.013,2.6
2,13.2,1,2.2,8.9,1.902,0.035,8.4,0.372,1.092,0.004,1.8
4,12.8,0.9,2.8,12.3,1.703,0.022,7.9,0.289,0.972,0.003,1.6
4,11.7,0.9,1.2,8.4,1.879,0.029,8.2,0.391,1.375,0.007,3
12,9.7,1.2,2.2,8.9,1.925,0.022,8.2,0.135,1.209,0.003,3.6
15,8,1.2,1.4,9.3,1.811,0.041,7.8,0.216,1.239,0.009,3.2
18,9.2,1,2,10.8,1.572,0.023,7.7,0.376,0.903,0.007,3.8
20,9.1,0.6,2.6,2.9,2.275,0.093,7.8,0.097,1.175,0.013,3.8
6,7.3,1.1,2.6,10.2,1.797,0.039,5.8,0.175,1.333,0.007,2
4,8.4,1,1.9,4.7,1.206,0.011,7,0.054,1.005,0.01,1.2
5,13.3,1,2.4,4.7,1.473,0.017,6.4,0.082,0.923,0.004,2.1
4,13.4,1.2,3.4,18.6,1.676,0.022,8.2,0.051,1.134,0.002,6.1
13,11.7,1.5,3.9,12.2,1.505,0.019,8.9,0.035,1.166,0.001,3.7
15,10.9,1.5,3.6,16.7,2.057,0.021,7.7,0.159,1.337,0.005,5.9
20,9.7,1.1,3.7,12.7,2.208,0.018,7.8,0.134,1.211,0.005,3.4
19.7,11.4,1.2,4.1,18.9,1.672,0.044,7.4,0.06,1.273,0.005,18.9
21.1,8.5,1.1,3.8,5.6,1.226,0.036,7.1,0.031,1.151,0,6.3
20.1,9.7,0.8,3.3,9.7,1.432,0.027,7.4,0.023,1.174,0,4.7
18,9.8,0.9,3.3,17.1,1.256,0.018,7.8,0.041,1.138,0,4.9
11.6,10.9,0.9,3.4,22.3,1.449,0.02,8,0.014,0.843,0.002,5.6
6.7,11.3,0.9,2.8,8.4,1.481,0.024,7.4,0.018,1.024,0,2.3
1.3,14.2,0.9,3.1,8.4,1.41,0.021,7.9,0.023,1.069,0,2.2
2.2,16.6,1.3,3.8,16,1.332,0.02,8.9,0.024,0.113,0,6.7
3.8,13.9,1.3,3.6,8.3,1.295,0.023,6.5,0.038,0.927,0.002,4.1
11.3,11.8,1.2,3.4,10.9,2.059,0.024,8.4,0.037,1.571,0,5
15.6,11.5,1.5,4.8,24.2,1.753,0.006,8.2,0.032,1.334,0,6.1
20.1,9.8,0.8,3,10.6,1.806,0.019,7.4,0.056,0.982,0,2.9
20.7,10.1,0.7,3,18.5,2.685,0.011,7.7,0.01,1.976,0,5.4
23.8,8.7,1,3.1,20.9,2.632,0.028,7.2,0.029,1.744,0,6.5
21.6,9.2,0.9,2.6,11.1,2.538,0.032,6.9,0,1.493,0,4.1
20.3,8.7,0.9,3.1,24.3,2.208,0.032,8,0.007,1.376,0,7
16,9.1,0.6,2.6,17.1,1.399,0.029,7,0.012,1.21,0,5.9
8.6,12.3,0.8,3,10.7,1.738,0.015,7.3,0.003,1.356,0,2.6
1.6,14.4,0.6,2.3,5.1,1.888,0.006,7,0.049,1.465,0,2.2
1.8,14.7,0.9,2.8,13.3,2.12,0.025,7.5,0.023,1.527,0,3.6
4.8,14.3,1.3,2.7,8.8,1.825,0.024,8.2,0.137,1.364,0,3.5
7.3,14.6,1.3,3.6,16.5,1.89,0.026,8.4,0.097,1.402,0.001,4.5
12,12,1.1,2.8,9.9,2.079,0.029,6.9,0.08,1.49,0.001,3.8
22,11.2,1.6,2.7,14.2,1.712,0.079,8.2,0.018,1.303,0,5.6
21.2,9.9,1,2.8,20.2,1.855,0.023,6.9,0.004,1.432,0,6.6
20.2,10.1,0.8,3.2,4.2,2.928,0.094,6.7,0.042,1.298,0,36.5
22.2,8.5,0.6,2.9,6.8,1.433,0.053,7.2,0.013,1.085,0.009,12.1
20.1,9.7,1.4,3.4,32.3,1.552,0.022,8,0.015,1.068,0.003,6.5
17.1,10.8,1.3,3.5,20.8,1.53,0.057,8,0.009,1.126,0,10.2
6.2,11.7,0.4,2.6,1.5,1.697,0.065,7.4,0.052,1.389,0.004,11.7
3.5,13.9,0.3,2.8,1.2,1.607,0.058,8,0.023,1.26,0.021,10.9
2.4,14.7,0.3,2.5,0.9,1.989,0.046,8.2,0.024,1.288,0.012,9.8
1.4,14.2,0.4,2.7,1.3,1.775,0.028,8.4,0.047,1.357,0.011,11
1,14.3,0.3,2.9,2,1.8,0.054,8.2,0.063,1.318,0.013,10.7
2,13.9,0.3,2.3,4.1,2.258,0.039,8.7,0.066,1.193,0.009,9.7
3,13.7,0.4,2.1,3.9,1.77,0.047,8.3,0.043,1.233,0.005,8.2
3,14.3,0.4,2.4,4,1.717,0.057,7.6,0.083,1.075,0.005,6.7
3,14.8,0.6,2.9,8.7,1.554,0.041,8.6,0.093,1.033,0.006,6
4,13,0.9,2.4,14.5,1.657,0.033,8.5,0.041,1.395,0.002,6.2
4,14.1,1,2.4,11,1.878,0.032,8.8,0.052,1.418,0.002,7.8
5,13.4,0.7,1.6,6.2,1.89,0.026,8.8,0.057,1.46,0,6
6,14.2,0.8,2.4,7.8,2.113,0.033,8.7,0.088,1.488,0.004,5.2
7,12.3,0.8,2,7.5,2.078,0.034,8.1,0.085,1.433,0.001,4.6
8,12.5,0.6,2.7,3.9,1.836,0.024,7.6,0.063,1.361,0.001,4.2
10,12.1,0.7,2.5,6.2,2.001,0.03,8,0.08,1.55,0.004,4
11,12.7,1,2.4,6.1,2.118,0.031,8.3,0.041,1.476,0.002,4.6
12,12,1.3,2.3,8.5,2.833,0.04,8,0.032,1.568,0.004,5.2
13,9.3,0.6,2.3,3.4,2.795,0.031,7.9,0.041,1.428,0,4.6
16,10.8,1,3.3,6,1.972,0.026,8,0.013,1.345,0,4
16,11.4,1,2.8,7.9,2.082,0.041,8.1,0.017,1.249,0.004,3.8
16,10.3,1.2,3.5,5.6,2.927,0.055,8.3,0.043,1.227,0.002,5.6
17,9.9,0.9,2.3,5.7,3.136,0.024,8.4,0.041,1.311,0.002,4
18,10.3,0.5,2.7,4.7,1.782,0.018,7.5,0.02,0.993,0,3.6
20,10.7,0.8,3,4.1,1.872,0.016,8,0.013,0.922,0.001,2.6
23,10.6,0.7,2.6,3.5,1.366,0.026,7.8,0.025,0.942,0.002,2
22,10.7,0.9,3.2,8.4,1.652,0.032,8.5,0.014,0.906,0.001,3.4
21,10.5,1.4,3.2,17.3,1.588,0.032,7.3,0.001,1.108,0.001,6.2
22,12.6,1.3,3.3,32.7,1.676,0.03,7.8,0.011,1.142,0.002,7.4
24,10.5,1.6,4.3,22.7,1.715,0.023,8.6,0.002,1.535,0.001,5.2
23,8.5,1.2,3.3,17,1.814,0.031,7.8,0.003,1.453,0,5.2
25,8.3,1.3,3.3,16.6,1.814,0.032,7.4,0.013,1.523,0,5.4
21,11.3,0.9,5.3,8.1,2.174,0.077,8.2,0.044,1.685,0.008,39
20,13.1,0.5,4,1.9,1.593,0.098,7.7,0.028,1.31,0.007,50.8
22,11.7,0.9,5.2,2.9,1.689,0.067,7.5,0.025,1.19,0.01,24.9
21,9.6,0.7,3.5,3.6,1.41,0.063,7.5,0.004,1.224,0.007,26.2
20,8.5,0.6,2.8,2.4,1.451,0.045,6.9,0.013,1.315,0.007,18.4
21,8.8,0.6,2.4,6.4,1.828,0.043,7,0.012,1.367,0.006,9.4
20,10.2,0.4,3.6,4.2,1.813,0.048,8.5,0.043,1.469,0.017,11
20,8,0.4,3,4.5,1.916,0.039,9.3,0.021,1.556,0.014,5.4
20,8.3,0.6,3.2,6,1.751,0.03,6.7,0.014,1.512,0.007,8.6
19,9,0.5,3.2,8.2,2.187,0.029,8.8,0.025,1.538,0.004,6
18,9.7,0.7,3.4,19.1,2.034,0.022,7.6,0.005,1.346,0.001,6.6
13,12.1,0.6,4.3,13.4,1.483,0.018,8.4,0.022,1.324,0.001,6.2
12,11.1,1,3.3,14.3,1.763,0.028,8.6,0.022,1.456,0.004,4.6
9,11.9,0.4,2.5,5.9,1.667,0.016,9.5,0.015,1.434,0.004,3.6
9,11.9,0.4,2.5,5.9,1.667,0.016,9.5,0.015,1.434,0.004,3.6
9,11.3,0.5,3.7,10.6,1.908,0.021,8.5,0.032,1.521,0.006,2.6
9,11.3,0.5,3.7,10.6,1.908,0.021,8.5,0.032,1.521,0.006,2.6
6,13.2,0.5,3,1.9,1.694,0.013,8.1,0.03,1.491,0.001,2.4
5,14.1,0.6,3.5,5,1.948,0.02,9.5,0.056,1.566,0.001,2.8
5,14.8,0.9,3.6,7.6,1.814,0.019,9.5,0.036,1.564,0.001,3
4,15.5,0.9,3.5,16.7,1.912,0.024,8.7,0.018,1.619,0.001,3.8
2,14.3,0.5,3.6,16.7,1.765,0.02,7.9,0.031,1.454,0.001,4.2
3,14.4,0.9,3.3,21.8,1.849,0.019,8.3,0.022,1.591,0,4
2,15.3,0.9,3.1,19.3,1.928,0.021,9.3,0.025,1.553,0,3.6
2,15.8,1.4,4.1,25.9,1.962,0.024,9.2,0.058,1.622,0,5.2
2,17.4,1.5,3.8,22.9,1.715,0.023,9.5,0.039,1.461,0.002,4.4
2,16.4,1.3,3.7,18.2,1.681,0.017,8.3,0.035,1.384,0.001,3.6
2,14.5,1.5,2.9,14.2,1.853,0.031,8.2,0.047,1.404,0.006,3.8
3,15.5,1.2,3.7,13.2,1.591,0.015,8.2,0.073,1.33,0.003,4.8
3,14.9,1.5,4.8,19.6,1.564,0.022,8.4,0.04,1.292,0,4.4
4,15.4,1.9,4.6,19.6,1.547,0.021,8.5,0.014,1.332,0.002,5.6
5,15.9,1.7,4.4,19.6,1.654,0.022,9.2,0.012,1.313,0.003,6
7,14.6,1.3,4.1,13.5,1.642,0.02,8.8,0.047,1.368,0.005,3.8
8,13.2,1.2,3.1,9.4,1.765,0.027,8.3,0.043,1.46,0.001,3.4
9,13,1.5,3.1,19.7,1.924,0.035,8.2,0.051,1.473,0,4.4
10.4,13.6,1.8,3.4,35.2,1.836,0.031,8.5,0.023,1.587,0.003,4.8
12,13.7,1.2,3.7,12.5,1.601,0.032,8.8,0.016,1.371,0.01,4.2
15,12.4,1.9,3.8,17.3,1.591,0.051,8.9,0.016,1.314,0.005,4
14,12.5,1.2,3.2,18.3,1.464,0.026,8.3,0.017,1.19,0.002,3.4
14,11.9,1.4,3.2,14,1.363,0.029,8.1,0.003,1.155,0.002,4.2
15,10.6,0.9,2.9,7.3,1.382,0.024,7.7,0.024,1.162,0.003,3.8
15,10.5,1.9,3.6,7.7,1.573,0.057,7.9,0.028,1.228,0.006,5.8
20,11.4,2.7,3.8,53.1,1.481,0.048,8.8,0.039,1.102,0.006,6.2
18,9.5,0.9,3.1,2.2,1.557,0.038,7.6,0.055,1.312,0.015,6
19,9.4,0.7,2.7,5.8,1.474,0.027,7.7,0.03,1.269,0.012,2.2
20,10,1.2,3.2,17.8,1.546,0.035,8.2,0.027,1.272,0.003,3.6
21,9.6,1.7,4.5,11.8,1.605,0.035,8,0.015,1.342,0.003,5
24,10.4,2,4.7,12.1,1.872,0.091,8.7,0.017,1.327,0.007,6
28,11.8,2.2,4.1,17.4,1.593,0.046,9,0.015,1.251,0.004,2.8
25,6,1,3.3,13.7,1.69,0.057,7.6,0.046,1.389,0.002,4.4
20,8.8,0.4,3.8,1,2.324,0.06,8,0.12,1.881,0.033,6.6
20,12.7,0.4,3.4,1.2,2.06,0.066,7,0.055,1.853,0.021,16.2
20.9,8.1,0.7,3.9,2.7,1.503,0.056,6.5,0.025,1.325,0.014,13.4
21.3,9.5,0.7,3,7.2,1.672,0.043,6.5,0.017,1.357,0.007,14.5
20.7,7.3,0.6,3.3,1.9,1.562,0.051,7.1,0.025,1.329,0.016,12.8
21,9.6,0.6,2.3,1.7,1.628,0.036,7.2,0.022,1.228,0.012,5.2
21.3,9,0.8,3.5,1.4,1.529,0.055,7.1,0.022,1.307,0.007,5.1
21.6,8.4,0.7,3.1,2.9,1.367,0.03,8.2,0.01,1.173,0.004,4.6
22.2,8.7,0.5,3,3.2,1.339,0.027,7.9,0.027,1.085,0.001,3.5
22.4,9.1,1.4,2.9,16.4,1.382,0.027,7.7,0.019,1.046,0.003,3.8
20,9.6,0.9,2.6,12,1.363,0.025,7.6,0.013,1.076,0.001,3.4
20,8.4,1.4,3.4,22.3,2.389,0.032,8.5,0.012,0.968,0.005,4.8
19,8.8,0.5,3.4,6.6,1.376,0.02,8.9,0.011,1.108,0.005,3.6
18,9.4,0.7,3.6,18,1.596,0.026,8.3,0.027,1.198,0.001,5.4
16,9.4,0.6,4.1,11.6,1.526,0.018,7.2,0.019,1.268,0.003,5.2
14.2,10,0.8,3.8,22.3,1.553,0.015,7.6,0.021,1.157,0.002,6
13.1,12.2,0.5,3.1,15.6,1.535,0.014,7.6,0.027,1.272,0.001,4.8
10.4,10.6,1.2,4,16.8,1.621,0.027,7.5,0.012,1.341,0.001,4.9
7.9,11.9,1.2,3.4,19.7,1.7,0.024,9.3,0.03,1.426,0,3.8
8,12,0.6,3.3,5.6,1.732,0.02,7.4,0.091,1.387,0.003,2.5
5,12.4,0.4,3.2,4.1,1.56,0.015,7.7,0.074,1.282,0.001,2.5
5,12.8,0.5,3.2,4.1,1.536,0.016,8,0.054,1.236,0.006,2.4
4,14,0.8,3.1,10.7,1.669,0.014,8.1,0.08,1.341,0.002,2.7
2,13.5,1,3.7,9.5,2.027,0.017,8.8,0.064,1.643,0.001,2.4
1,14.1,0.9,3.3,12.1,1.923,0.02,9,0.059,1.406,0.001,3
3,13.7,1,3.3,19.1,1.852,0.021,8.8,0.032,1.424,0.001,3.4
2,15,1.2,3.3,24.6,1.792,0.014,10,0.051,1.464,0.001,3.6
3,14.8,1.5,3.7,32.8,1.757,0.025,9.4,0.036,1.364,0.001,4.8
3,15.5,2,3.3,40.4,1.757,0.026,8.7,0.047,1.307,0.002,4.2
2,15.3,1.6,4.1,22,1.867,0.026,9,0.043,1.473,0.002,6
3.3,16,2.2,4.4,43.1,1.819,0.037,8.9,0.054,1.251,0.006,7.4
5,15.1,2,4.6,24,1.744,0.028,9.1,0.045,1.189,0.001,6.8
5,14.2,1.7,3.6,11.5,1.725,0.028,9,0.092,1.266,0.003,4.8
7,13.3,1.6,3.5,16,1.592,0.016,8.8,0.059,1.231,0.002,3.8
8,13.2,1.8,3.8,18.9,1.753,0.027,8.8,0.045,1.215,0.001,5.4
9,13,1.4,4.2,17.4,1.744,0.028,8.5,0.066,1.259,0,4
11,12.6,1.2,3.6,9,1.602,0.022,8.4,0.039,1.303,0.002,8.4
12,13,1.9,4.6,13.8,1.573,0.026,8.7,0.052,1.204,0.003,3.4
12,10.8,1.3,3.6,9.2,1.624,0.029,8,0.117,1.122,0.002,4.2
13,10.7,0.7,3,3.7,1.483,0.016,8.2,0.051,1.187,0.002,2.6
16,10.8,1.1,4,3.6,1.772,0.023,7.8,0.084,1.341,0.003,3.6
17,10.7,1,3.8,8.1,1.606,0.023,8.2,0.076,1.214,0.002,3.4
16,11,0.9,2.5,7.5,1.013,0.021,8.2,0.029,0.773,0.001,4.2
18,10.7,0.9,3.2,11.1,1.621,0.015,8.5,0.021,1.353,0.002,3.4
18,10.2,1.1,3.1,6.4,1.384,0.015,8,0.047,1.184,0.002,3.4
19,9.5,0.6,3.2,1.9,1.708,0.015,8.1,0.092,1.196,0.002,1.6
19,10.4,0.5,1.9,4.7,1.665,0.015,8.6,0.046,1.365,0.005,2.2
23,10.3,1.3,3.5,6.5,1.425,0.013,8.6,0.013,1.232,0.003,2.8
25,11,2.1,5.9,16.5,1.418,0.023,9,0.017,1.151,0.001,4.4
25,10.9,2.2,4.9,23.2,1.434,0.016,9.1,0.007,1.08,0.001,2.8
18,10.8,0.4,3.6,2.1,1.669,0.057,7.2,0.01,1.422,0.016,25.7
19,9.8,0.4,2.5,1.4,1.464,0.025,7.4,0.012,1.351,0.01,12.8
20,8.9,0.8,2.6,3.5,1.547,0.036,7.4,0.008,1.265,0.003,10.6
22,9.1,0.7,2.9,6.1,1.411,0.024,7.6,0.014,1.231,0.003,8.6
22,10.3,0.4,3,0.3,1.483,0.043,7.8,0.038,1.182,0.015,15.8
22,8.1,0.7,2.4,6,1.588,0.048,7.2,0.04,1.243,0.011,7.8
21,8.7,0.5,2.6,5.3,1.538,0.041,7.5,0.034,1.144,0.006,9
21,9.2,0.7,3.3,7.6,1.398,0.028,7.8,0.01,1.275,0.003,7.3
22,8.9,0.6,2.3,4.6,1.259,0.021,8.2,0.009,1.078,0.004,4.8
21,8.4,0.5,2.7,5.3,1.315,0.021,7.4,0.042,1.084,0.004,4.1
21,9.1,0.8,3.3,6,1.335,0.018,7.4,0.02,1.105,0.003,4.5
21,9.8,0.7,3.8,8.4,1.256,0.019,7.9,0.01,1.061,0.001,2.6
20,9.4,1.3,4.3,16.5,1.234,0.021,7.5,0.005,1.023,0.001,4.2
18,9,0.6,2.7,7.3,1.255,0.011,7.6,0.019,1.019,0.001,3.1
17,9.5,0.9,2.8,14.9,1.269,0.02,7.6,0.011,1.217,0.001,5.9
16,8.8,0.5,2.8,6.8,1.233,0.026,7.7,0.121,1.01,0.004,3.8
14,9.3,1.7,3.3,4.7,1.317,0.027,7.4,0.058,1.031,0.001,3.8
14,9.5,0.5,3.7,5.2,1.325,0.027,7.7,0.074,1.019,0.005,4.2
10,10.4,0.5,3.9,5.9,1.404,0.028,8,0.052,1.151,0.009,3.3
9,11.4,0.7,2.8,6.5,1.552,0.022,7.6,0.034,1.172,0,3.4
8,11.3,0.7,3.8,4.8,1.5,0.018,7.4,0.039,1.274,0.002,3.4
5,12.4,1.3,3.8,11.2,1.543,0.015,7.8,0.022,1.27,0.002,3.9
5,12.6,0.8,3.7,8.5,1.591,0.016,8,0.01,1.314,0,2.6
3,12.9,0.8,2.9,2.9,1.568,0.014,7.7,0.028,1.28,0,1.9
1,13.3,0.8,2.7,2.4,1.578,0.014,8.6,0.062,1.262,0.002,1.3
1,14.4,0.6,2.8,1.9,1.803,0.013,7.8,0.066,1.287,0.005,1.3
0,13.1,0.8,3.3,1.4,1.8,0.026,7.8,0.141,1.372,0.019,1.1
1,13.5,0.5,3,2.3,1.649,0.014,8.3,0.062,1.34,0.003,1.4
1,13.9,0.5,2.6,3.9,1.755,0.019,8.5,0.136,1.313,0.005,1.6
2,14.4,0.8,3,14.4,1.657,0.02,8.2,0.066,1.347,0.001,3.5
1,14.6,1.4,4.1,21.4,1.699,0.02,8.7,0.113,1.321,0,3.9
3,14.7,0.8,3,18.6,1.715,0.016,8.5,0.051,1.353,0.001,3.8
3,15.1,1.6,3.5,31.9,1.616,0.023,8.7,0.025,1.298,0.001,5
4,14,1.5,3.8,25.7,1.624,0.016,8.9,0.025,1.305,0.001,5.4
6,13.5,1.5,4.3,16.2,1.834,0.023,8.5,0.036,1.512,0.001,5.2
6,13.3,1.1,3.8,12.3,1.654,0.023,8.1,0.053,1.342,0.001,3.9
7,12.9,1.3,3.8,9.7,1.829,0.025,8.5,0.058,1.389,0.001,3.4
9,12.9,1,3.9,5,1.529,0.02,8,0.053,1.34,0.002,2.8
10,11.4,1.1,3.2,7.3,1.7,0.018,8.6,0.073,1.456,0.001,3.7
10,12,1.1,3.6,6.3,1.472,0.017,8,0.045,1.208,0.001,3.2
10,11.7,0.9,4.4,6.5,1.527,0.011,7.6,0.047,1.242,0.003,2.8
12,11.8,1,3.1,6.7,1.471,0.019,7.7,0.021,1.299,0.002,2.3
14,12.3,1,3.7,9,1.484,0.013,8.3,0.055,1.231,0.003,2.9
15,11.4,1.5,3.1,8.8,1.486,0.024,8.4,0.048,1.164,0.004,5
16,10.2,0.9,3,9.8,1.535,0.026,7.6,0.04,1.362,0.002,4.2
16,11.1,0.8,3,8.8,1.565,0.015,7.9,0.031,1.297,0.002,4.1
18,11.7,0.9,3.5,6.7,1.463,0.018,7.9,0.018,0.276,0.003,4
18,10.6,0.7,3.1,7.3,1.828,0.02,8.1,0.025,1.634,0.003,5.8
21,9.8,1.2,3.4,8.1,1.621,0.014,7.9,0.041,1.214,0,3.3
24,10.4,1.9,4.3,20.5,1.619,0.016,8.5,0.036,1.333,0,3.6
27,12.1,1.3,4,17.6,1.506,0.014,9,0.015,1.261,0,4.4
26,9.8,1.3,3.7,14.1,1.521,0.017,8.3,0.047,1.18,0.001,3.6
22,8.4,1.1,4.3,9.4,1.91,0.024,7.7,0.037,1.748,0,7
24,9.1,1.2,3.8,16.7,1.641,0.027,8,0.001,1.438,0.001,5.2
24,8,1.5,4.8,41.4,1.726,0.037,7.3,0.005,1.488,0.003,9.2
24,8.6,1.2,4.1,25.6,1.774,0.034,7.3,0.016,1.529,0.002,7.2
22,8.2,0.6,3.8,3.5,2.271,0.06,8.1,0.12,1.934,0.023,12.8
24,8.7,0.8,3.6,8.4,2.09,0.024,7.3,0.045,1.784,0.011,7.7
21,8.9,0.4,3.5,7.1,2.047,0.023,7,0.064,1.763,0.014,10.1
22,8.7,0.6,2.7,5.9,1.905,0.024,7.3,0.023,1.662,0.008,7.8
20,10.3,0.4,2.7,1.1,1.844,0.047,7.2,0.036,1.679,0.014,8.8
19,9.6,0.5,3.1,8.2,1.739,0.014,7.7,0.015,1.625,0.002,4.6
18,9.2,0.5,3.6,7.3,1.705,0.01,7.4,0.022,1.477,0.001,3.6
18,9.9,0.9,3.3,10.5,1.664,0.019,7.9,0.02,1.462,0.004,3.6
17,9.6,0.6,3.2,8.7,1.662,0.022,8.8,0.023,1.403,0.003,3.4
15,9.6,0.7,3.8,8.8,1.636,0.022,8.6,0.03,1.387,0.001,4.4
14,9.8,0.8,3.8,9.6,1.613,0.015,7.7,0.031,1.392,0.001,3.7
10,10.2,0.4,3.6,5.6,1.784,0.014,7.9,0.055,1.479,0.006,2.9
9,10.6,0.5,3.5,4.2,1.861,0.024,8.1,0.097,1.568,0.003,2.7
7,11.3,0.5,2.9,5.3,1.755,0.017,8.4,0.031,1.471,0.002,2.3
6,11.7,0.7,2.9,6.6,1.776,0.018,7.7,0.037,1.479,0.002,2.6
4,12.6,0.8,2.7,8,1.736,0.013,7.9,0.068,1.432,0.003,2.7
3,12.9,0.7,3.1,7.3,1.887,0.013,8.1,0.068,1.483,0,2.1
1,13.5,0.7,3.2,9.1,1.916,0.015,8.3,0.052,1.55,0,1.8
1,14.6,1.2,2.8,18.4,1.925,0.014,8,0.008,1.607,0.001,2.6
1,14.5,0.9,3.5,17.1,1.857,0.018,8.2,0.109,1.545,0,3.3
1,15.1,1,3.4,26.2,1.858,0.021,8.1,0.047,1.606,0.001,3.7
0,15.3,1,3.6,32.2,1.952,0.023,8.2,0.051,1.627,0.001,3.1
2,14.2,0.9,3.1,16,1.892,0.019,8.4,0.074,1.348,0.003,2.6
2,13.7,1.2,3.2,13.3,1.559,0.021,8.5,0.065,1.324,0.006,2.6
4,15,1.2,3.2,10.4,1.747,0.024,7.9,0.11,1.279,0,4.9
4,13.8,1.3,3.1,11.3,1.647,0.019,8,0.064,1.322,0.002,3
5,13.5,1.1,3.6,9.2,1.726,0.017,8,0.109,1.286,0,2.9
5,13.5,1.2,3.4,9.4,1.688,0.014,7.7,0.055,1.326,0.001,3.1
6,13.5,1.3,3.2,12.5,1.645,0.02,8,0.021,1.317,0,2.9
7,13.3,1.2,3.2,11.8,1.667,0.02,8,0.063,1.291,0,3.1
9,13.1,1,2.5,6.9,1.586,0.015,8.1,0.037,1.203,0,2.5
10,12.5,0.9,3.5,5.5,1.52,0.019,8.2,0.04,1.23,0.003,2.8
11,12.1,1.2,3.2,9.4,1.673,0.017,8,0.091,1.263,0.001,2.8
11,11,0.8,3,6,1.612,0.013,7.5,0.093,1.27,0.001,2.1
13,10.6,0.9,3.9,4.1,3.166,0.048,7.5,0.108,2.651,0.005,10.4
14,10.6,1.2,3.6,4.9,2.949,0.042,7.3,0.068,2.638,0,11.8
16,11.3,1.2,3.9,6.6,2.419,0.02,7.8,0.046,1.998,0.002,4.1
15,11.1,1,2.5,6.1,2.144,0.02,7.5,0.04,1.809,0,3.9
15,11.8,1,2.8,6.9,1.889,0.014,7.7,0.041,1.544,0,2.6
18,11.3,1.3,3.2,9.5,2.14,0.026,7.9,0.06,1.432,0.002,2.9
19,11.5,0.6,3.1,1.1,1.688,0.012,7.9,0.029,1.358,0.001,2.3
19,11,0.5,2.9,3.4,1.584,0.011,7.9,0.021,1.262,0.001,2.5
17,11.3,0.5,3,2.8,2.99,0.042,7.2,0.08,2.377,0.018,9.5
17.5,10.8,0.5,2.8,1.7,2.468,0.038,7,0.041,2.151,0.013,9.8
16.7,12.2,0.4,2.7,2,2.053,0.049,7.2,0.03,1.8,0.018,17.8
19.7,10.9,0.5,2.8,1.8,2.122,0.04,7.2,0.031,1.586,0.008,6.7
18.4,12.5,0.4,3.3,2.4,1.584,0.065,7.3,0.033,1.466,0.008,21.8
20.3,11.5,0.4,2.5,3.4,1.578,0.038,7.6,0.024,1.285,0.01,7.8
20.2,10.9,0.4,3.1,4.8,1.853,0.036,7.3,0.054,1.388,0.008,6.4
21.3,10.4,0.8,3,9.9,1.71,0.025,7.6,0.024,1.323,0.001,4.8
23.2,10.2,0.7,3.7,8.8,1.579,0.03,8.1,0.027,1.216,0,1.9
23.7,9.5,0.7,3.1,10.4,1.546,0.037,7.9,0.035,1.158,0.005,3.2
23.3,10.6,0.9,3.7,16.9,1.551,0.024,7.9,0.011,1.151,0.005,4.5
21.2,9.7,1,3.8,20.7,1.817,0.022,7.8,0.011,1.713,0.004,3
20.4,10.7,0.9,3.9,20.8,1.524,0.018,8.2,0.017,1.17,0.003,6.2
18.8,10.7,0.9,3.2,14.2,1.639,0.025,7.7,0.011,1.203,0.004,4.1
18.1,10.6,0.8,2.9,16.2,1.702,0.027,7.3,0.005,1.222,0.002,4.4
16.1,10.7,1.1,3.3,15.1,1.66,0.018,8.2,0.018,1.257,0.004,4.1
15.2,10.4,0.6,3.6,8.3,1.677,0.018,7.6,0.021,1.284,0.001,3.1
14.5,10.5,0.5,3.2,3.2,1.659,0.021,7.5,0.028,1.475,0,1.6
15,10.4,0.5,3.2,4.5,1.787,0.031,7.9,0.055,1.372,0,2
12.7,10.9,0.5,3.4,7.4,1.84,0.013,7.6,0.02,1.333,0.004,2.3
11.4,11.2,0.7,3.6,9.6,1.998,0.026,7.6,0.033,1.39,0.002,2.4
9.5,11.6,0.9,3.2,5.2,2.071,0.025,7.7,0.033,1.529,0.006,3.1
8.2,11.8,0.8,3.5,6.3,1.958,0.017,7.5,0.028,1.506,0.002,3
6.3,12.2,0.8,3.4,6.5,1.882,0.025,7.3,0.052,1.742,0.003,6.3
3.9,12.9,0.7,1.9,5.3,2.491,0.024,7.4,0.081,1.794,0.004,3.6
1.8,14.1,0.8,2.9,6.3,2.152,0.018,8.1,0.045,1.623,0,4.4
1.3,14.6,1,2.7,10.1,2.131,0.02,8,0.052,1.547,0,4
1.9,13.9,0.9,3.2,17.9,1.901,0.038,8.2,0.024,1.597,0,8.6
1.9,13.9,1.3,3.9,31.1,1.97,0.021,8.4,0.031,1.479,0.002,5.9
1.8,14.7,1,4.3,20.5,1.994,0.018,8.6,0.09,1.441,0.002,4.1
0.7,14.3,1.1,3.6,11.1,1.935,0.016,8.5,0.077,1.46,0.002,3.1
1.2,13.5,0.7,2.8,7.4,1.967,0.017,8.6,0.133,1.441,0.004,3.8
2.1,13.6,0.9,3.5,9.1,1.92,0.021,8.4,0.058,1.386,0.001,3.4
1.5,13.7,1.4,3.7,17.8,1.865,0.02,8.6,0.084,1.418,0.003,4
3.1,14.9,1.7,5.1,31.5,1.767,0.03,8.8,0.019,1.36,0.003,6.6
4.4,13.4,1.6,4.4,21.1,1.727,0.028,8.4,0.047,1.311,0.001,5.2
4.3,13.8,1.4,4.1,12.8,1.625,0.023,8.4,0.047,1.321,0.002,4.2
5.9,13.3,1.4,3.7,10.7,1.539,0.025,8.2,0.079,1.337,0.001,3.6
6.6,12.5,1.2,2.8,7.3,1.549,0.018,7.9,0.06,1.289,0.001,2.2
7.7,12,2,3.5,6.5,1.842,0.017,7.6,0.046,1.498,0,3.1
8.7,11.8,1.4,3.3,11,2.477,0.023,7.5,0.031,2.007,0.001,3.4
10.5,12.1,0.8,2.9,6.9,2.252,0.017,7.9,0.046,1.738,0.001,6.2
11.3,11.1,0.7,3.5,7.4,2.169,0.021,7.9,0.025,1.694,0.002,3.7
13.5,11.9,1.2,3.3,11.6,2.345,0.023,8,0.016,2.077,0.001,3.3
15.2,11.6,1.4,3.4,10.4,1.897,0.014,8.5,0.011,1.733,0.001,3.1
15.8,10.6,1.5,3.4,7.8,1.838,0.017,8.5,0.031,1.471,0.001,2.8
17.3,11,1,3.1,7.4,1.719,0.026,8.7,0.021,1.303,0.002,3.7
20.1,10.2,1.7,4.4,13.8,1.916,0.021,8.6,0.049,1.433,0.005,3.4
22.6,10.6,1.4,3.8,6.4,1.74,0.022,8.7,0.016,1.305,0.002,2.2
19.4,10.1,0.9,3,6.2,1.679,0.014,8.1,0.033,1.272,0,3.2
20.6,9.5,0.7,3.1,4.1,1.49,0.009,8.3,0.042,1.192,0,1.4
21.2,9,0.7,3.1,6,1.449,0.01,8.1,0.046,1.278,0.001,2.8
24.6,10.8,2.1,4.6,19.6,1.711,0.017,8.8,0.021,1.213,0.003,3.3
21.2,7.8,1,4.3,11.1,2.597,0.051,7.6,0.05,1.825,0.003,6.4
19.8,8.8,1.2,3.4,15,2.75,0.027,7.3,0.042,2.232,0.001,7.5
26.1,11.6,2.5,5.1,31,2.587,0.03,8.8,0.019,2.007,0.002,6.3
26.5,10.9,2.7,7.2,39.8,2.424,0.033,9.2,0.022,1.803,0.001,9.1
26.5,8.3,1.9,4.3,25.6,2.057,0.02,8.4,0.013,1.609,0.004,6.6
25.5,7.4,2,4.6,21.3,1.953,0.023,6.9,0.06,1.433,0,7
19.9,9.2,0.6,5.9,2.5,2.217,0.111,7.1,0.032,1.633,0.018,50.4
21.4,8.7,0.6,3.9,6.7,2.349,0.025,7.4,0.031,2,0.002,5
21.5,9.6,0.8,3.9,12.7,2.017,0.025,7.6,0.025,1.676,0.001,4.3
20.7,9.3,0.4,3.5,9.8,1.948,0.015,7.4,0.021,1.723,0,3.9
19.3,9.3,0.8,4.5,16.2,1.969,0.033,7.4,0.02,1.699,0,5.8
19.4,10.2,0.9,3.9,20.6,1.809,0.025,7.9,0.006,1.557,0.001,6.9
19,10.1,1,3.9,17.9,2.072,0.03,7.9,0.011,1.587,0,5.6
18.5,9.7,0.9,3.6,16.5,1.891,0.033,7.5,0.014,1.555,0,4.3
17.3,9.5,0.5,3.8,11.8,1.972,0.035,7.5,0.023,1.544,0,3.7
15.7,10.6,0.5,3.6,6.9,1.967,0.018,7.3,0.041,1.616,0,4.6
14,8.8,0.6,3.2,10.2,2.028,0.028,7.3,0.037,1.61,0,4
11.9,9.6,0.8,3.9,13.7,2.135,0.032,7.4,0.069,1.71,0.001,4.1
11,10.5,0.5,3.7,6.1,1.829,0.016,7.5,0.036,1.629,0,3.2
8.1,10.1,0.5,3.6,4.4,2.136,0.02,7.3,0.033,1.729,0,2.1
6.5,10.6,0.6,3.4,6.3,1.993,0.019,7.2,0.035,1.642,0.001,2
4.9,10.9,0.5,3.3,5.3,1.899,0.01,7.4,0.023,1.772,0,1.9
2.7,11.5,0.5,3.7,3.3,1.879,0.01,8.2,0.091,1.688,0,1.5
1,11.5,0.6,2.9,2.8,1.905,0.012,8.3,0.077,1.67,0,1.1
0.2,12,0.5,3.2,3,2.102,0.009,7.1,0.09,1.841,0.001,0.7
0.2,11.9,0.4,3,3.3,2.095,0.009,8.1,0.111,1.739,0,1.1
0.1,11.6,0.5,2.9,2.6,2.225,0.012,7.8,0.18,1.78,0,1.1
0.5,13.2,0.4,3,3.2,2.319,0.012,7.5,0.255,1.741,0.001,1
0.6,13.4,0.6,2.6,3,2.212,0.01,7.9,0.29,1.752,0,0.9
1.1,13.7,0.2,2.7,2.2,2.341,0.009,8.7,0.331,1.807,0.001,0.6
1,13,0.4,2.3,4.5,2.354,0.012,7.6,0.234,1.878,0.001,1
0.8,13,0.6,3.3,2.9,2.321,0.021,7.3,0.339,1.809,0.004,2.8
1.6,13,0.5,4.2,2.2,2.019,0.012,7.5,0.229,1.676,0.002,1.6
2.7,13.3,0.5,1.9,3.6,1.972,0.011,8.1,0.216,1.643,0,1.4
2.5,13,0.7,3.6,5.5,1.892,0.013,8,0.131,1.592,0,0.9
4,13.1,0.7,2.1,6.2,1.788,0.011,7.6,0.101,1.592,0,1
6.4,12.5,1,3.4,7.7,1.922,0.015,7.6,0.13,1.616,0,1.8
7.4,12.5,0.6,3.1,4.4,1.892,0.009,7.7,0.077,1.641,0.001,2
7.6,12.6,0.9,2.8,7.1,1.879,0.015,7.7,0.104,1.568,0,2.3
8.2,12.6,0.9,2.9,6.7,2,0.009,7.7,0.14,1.571,0,3.1
8.9,12.5,0.9,3,6.6,1.85,0.018,7.6,0.115,1.523,0,3.6
10.1,11.9,0.8,3.6,3.1,1.802,0.011,7.6,0.125,1.525,0,2.9
13.4,11.5,0.8,2.8,3.9,1.728,0.012,7.6,0.027,1.538,0.001,2.7
16.1,11.5,1.4,3.5,8.1,1.801,0.025,7.9,0.102,1.444,0.001,2.5
15.7,10.7,0.9,3.1,8.2,1.696,0.015,7.6,0.084,1.43,0,3.4
16.6,10,1.3,3,9.8,1.885,0.027,7.5,0.09,1.506,0.004,4.9
17.6,10.6,1.1,3.7,8.8,1.803,0.015,7.7,0.045,1.5,0.001,3.1
19.4,10.4,0.9,3.1,10.7,1.739,0.016,7.6,0.055,1.407,0.001,4.3
18.5,10.1,0.7,2.7,4.7,1.562,0.01,7.5,0.041,1.293,0.001,1.4
24.7,11.9,1.3,4.8,16.5,1.973,0.025,9,0.01,1.505,0.003,3.5
22.4,9.2,1,4.1,9.4,1.553,0.013,7.7,0.056,1.256,0.002,3.9
20.1,8.6,1.1,3.7,10.5,1.977,0.034,7.3,0.102,1.607,0.003,9.4
17.9,11.2,0.6,3.8,0.4,1.506,0.084,7.3,0.043,1.261,0.019,31.8
19.9,9.4,0.7,3.5,5.7,1.708,0.037,7.2,0.018,1.502,0.009,12.1
20.8,9.4,0.6,3.4,3.3,1.398,0.034,8,0.017,1.167,0.007,9.3
23.3,9.8,0.4,3,5.9,1.25,0.018,7.9,0.013,1.082,0.003,2.9
23.7,8.8,0.7,3.6,2.2,1.32,0.017,7.9,0.003,1.185,0.003,5.3
24.2,8.8,0.3,2.8,4.1,1.342,0.017,7.6,0.013,0.957,0.003,2.7
22.4,8.3,0.7,3.3,4.9,1.497,0.021,7.5,0.002,1.303,0.001,4.5
22.1,8,0.8,2.9,6.7,1.543,0.016,8.2,0.014,1.395,0.001,3.2
21,8.4,0.3,3.3,3.6,2.126,0.045,7.4,0.037,1.804,0.014,11.5
21.9,9.6,0.8,4.5,21.5,2.355,0.032,7.9,0.069,1.874,0.005,3.8
19.8,9.5,0.8,3.4,27.2,2.098,0.024,8.1,0.011,1.782,0.001,8.6
18.2,8.8,0.6,3.2,9,1.784,0.016,7.7,0.025,1.454,0,4.6
17.1,10.1,1,4,19.5,2.502,0.021,8.1,0.005,1.369,0,8.7
15.2,10.3,0.4,3.8,19.7,1.56,0.016,8.4,0.006,1.32,0,6.8
14.6,10.3,0.6,4,20.2,1.576,0.022,8,0.02,1.39,0,7.9
11.9,10.2,0.5,3.6,7.6,1.642,0.015,7.6,0.019,1.352,0,4.1
9.8,10.5,0.6,3.1,6.2,1.639,0.012,7.8,0.03,1.432,0,3.4
8.3,10.9,0.5,3,6.2,1.817,0.013,8,0.087,1.456,0,3.9
6.8,11.2,0.9,3.2,5.2,1.795,0.011,7.7,0.035,1.509,0,2.5
5.5,12.3,0.6,3,4.2,1.88,0.013,7.6,0.082,1.55,0,2.3
3.6,12.2,0.7,2.1,4.2,1.888,0.01,7.3,0.111,1.589,0,2
2.4,12.5,0.5,2.7,4.2,1.937,0.011,8,0.102,1.639,0,1
2.5,12.7,0.6,2.9,4.6,2.118,0.01,9.2,0.244,1.742,0.004,1.9
1.2,13.2,0.8,3.2,4.4,1.976,0.008,8.3,0.147,1.688,0.004,1.7
1.7,13.1,0.7,2.6,6.3,2.075,0.008,9.2,0.201,1.662,0,2
2.4,12.6,0.5,2.6,6.1,1.957,0.009,7.9,0.163,1.637,0.001,1.3
1.8,13.3,0.8,2.8,8.6,1.975,0.009,8.2,0.159,1.682,0.001,1.9
2.6,13.2,0.9,2.8,6.8,2.059,0.009,8.5,0.219,1.603,0.001,2.1
2.9,12.8,1.1,3,9,1.877,0.014,8,0.211,1.472,0.002,2.4
3.8,14.4,0.9,2.6,6.3,1.822,0.01,7.8,0.142,1.485,0.001,1.5
4.8,13.2,0.8,2.6,5.9,1.606,0.01,7.9,0.09,1.389,0.002,1.9
5.6,13,1,2.5,5.1,1.665,0.011,7.8,0.069,1.365,0.001,2
7.5,12.6,0.8,2.7,5,1.614,0.007,7.8,0.104,1.386,0.002,2.5
8.5,12.6,0.8,2.6,5.5,1.638,0.01,7.7,0.119,1.334,0.001,2.6
10.8,12.2,0.8,2.7,5.8,1.485,0.02,8,0.072,1.342,0.001,2.6
10.7,11.8,0.8,2.7,6.9,1.642,0.01,8.1,0.046,1.337,0,2.9
13,11.4,0.9,2.8,5.7,1.834,0.006,7.9,0.048,1.351,0.001,2.4
13.9,11.1,0.8,3,5.3,1.7,0.014,7.7,0.025,1.306,0.001,4
14.5,10.1,0.9,2.9,3.3,1.563,0.009,7.9,0.03,1.268,0.002,3.6
15.8,9.9,0.8,2.8,4,1.6,0.01,8,0.017,1.303,0,2.9
16.1,10,1,2.7,5.4,1.487,0.013,7.7,0.032,1.245,0,2.4
19.3,9.8,0.7,3,2.8,1.44,0.011,7.8,0.031,1.263,0.001,1.4
20.9,10.3,1,3.3,2.3,1.382,0.009,8.2,0.022,1.025,0.001,1.3
23.6,9.8,1,3.3,4.8,1.571,0.01,8.2,0.025,1.119,0,1.5
23.2,10.2,1.1,3.3,4.7,1.527,0.011,8.3,0.015,1.104,0,1.4
23.9,9.8,1.1,3.7,5.9,1.543,0.012,8.3,0.023,1.022,0.001,1.9
23.6,9.6,1.1,3.1,6.7,1.389,0.01,8.1,0.023,1.088,0,1.1
26,9.2,0.6,3.8,2.3,1.285,0.01,8.4,0.039,1.1,0.001,0.5
25.2,10.3,1.1,3.8,5.3,1.385,0.012,8.8,0.023,1.03,0.001,1.1
26.7,9.1,0.9,3.7,6.5,1.301,0.015,8.4,0.042,1.06,0.001,1.1
28.3,9.4,0.5,3.7,5.5,1.017,0.013,8.7,0.041,0.91,0.001,1
24.3,9.8,1.8,3.7,6.8,1.955,0.014,8,0.004,1.33,0,3.6
23.6,8.7,0.6,3.1,4.7,1.822,0.01,8,0.035,1.15,0.001,1.3
23.5,9,0.7,3.2,8.3,1.531,0.015,7.6,0.016,1.28,0.001,2.6
23.5,8.6,0.9,3.6,14.1,1.601,0.019,7.2,0.011,1.27,0,2.6
21.1,8.5,0.7,3.9,8.3,2.415,0.026,7.4,0.019,1.98,0.004,4.8
23.9,11.5,1.2,4.9,27.4,2.687,0.02,9,0.008,2.2,0.001,5.7
23.1,9.9,1.3,3.5,12.4,2.122,0.019,8.7,0.012,1.72,0.001,4.6
23.7,10,1.2,3.5,8,2.137,0.011,8.2,0.006,1.64,0,2.8
21.7,9.2,0.9,3.3,10.4,2.058,0.015,8,0.007,1.63,0,4.3
21.5,8.6,0.8,3.2,8.7,1.786,0.016,7.8,0.027,1.52,0,3.8
20.2,9.2,1.2,2.8,9.9,2.224,0.01,7.7,0.015,1.46,0,4.2
19.2,9.1,0.8,2.7,5,1.55,0.009,7.7,0.02,1.38,0.001,3.5
17,9,0.7,3.3,4.9,1.648,0.014,7.9,0.014,1.21,0.001,3.1
16.6,9.5,0.6,2.9,6.5,1.645,0.01,7,0.01,1.05,0.001,2.7
15.1,9.6,0.6,3,5,1.752,0.012,7.7,0.009,0.82,0,3.6
13.4,10,0.9,2.8,1.9,1.566,0.012,7.8,0.01,1.37,0,2.6
11,10.3,0.9,3,3.3,1.64,0.01,7.4,0.01,1.45,0.001,2.2
10.3,10.5,0.8,2.3,1.5,1.782,0.007,7.6,0.017,1.45,0.001,1.8
9.6,10.6,1,2.3,1.6,1.725,0.01,7.7,0.032,1.453,0,2
5.1,11.3,0.8,2.7,0.8,1.892,0.01,7.6,0.041,1.538,0,1.2
4.7,11.8,0.9,3,3.3,2.013,0.022,7.3,0.044,1.498,0.001,1.5
1.2,13.5,0.6,2.7,1.7,1.912,0.015,6.2,0.108,1.441,0,0.8
1.8,14.5,0.9,2.8,1.9,1.898,0.01,8.6,0.084,1.527,0,1
4,13.2,1,2.3,1.8,2.006,0.01,7.3,0.168,1.468,0.001,0.6
4.3,13.2,0.7,2.7,2.6,2.326,0.006,7.5,0.162,1.501,0,1.3
4.6,13.2,0.8,2.9,2.4,2.107,0.008,7.6,0.152,1.465,0.001,1
7.2,12.4,0.7,2.8,3.1,2.116,0.009,7.3,0.144,1.44,0,1.7
9.2,12.5,1.1,3.1,3,2.027,0.009,7.7,0.144,1.46,0.001,1.8
10.1,11.3,1,2.6,3.9,2.384,0.015,7.9,0.123,1.682,0.001,1.6
11.1,11.3,0.9,2.7,2.9,2.177,0.01,7.4,0.141,1.671,0.001,2.8
11.9,10.6,0.7,2.9,3.6,2.265,0.011,7.4,0.106,1.758,0,2.2
14.3,10.8,1.3,3,5.5,2.222,0.009,7.1,0.046,1.81,0.001,1.7
17.7,10.5,1.2,3.2,6.1,2.216,0.011,7.7,0.023,1.724,0,2.2
19.2,11.1,1.8,3.5,11.8,2.178,0.015,8.3,0.007,1.559,0,2.6
18.9,10.8,1.4,3.2,10.5,1.809,0.012,8.1,0.004,1.367,0.001,3
21.1,10.2,1.2,2.7,6.4,1.783,0.011,7.7,0.023,1.278,0.001,2.8
22.6,9.8,1.4,3.6,5,1.64,0.013,7.8,0.031,1.189,0.001,2.1
22.3,9.2,1.5,3.2,4.2,1.64,0.009,7.4,0.044,1.169,0,1.4
23.9,9.4,1,3.1,5.1,1.576,0.01,7.7,0.038,1.061,0.001,1.3
25.4,9.1,1.2,3.3,4.1,1.444,0.01,7.9,0.044,0.933,0,1.4
26.1,9.1,1,3.4,3.3,1.331,0.01,8.2,0.035,0.884,0.001,0.6
25.1,8.5,0.7,2.5,1.7,1.374,0.007,7.7,0.046,0.933,0,0.7
25.2,7.8,0.8,3,3.5,1.315,0.01,7.4,0.04,0.916,0.001,1.6
24.7,8.1,0.6,3.4,3,1.318,0.011,8,0.033,0.804,0,2.5
22.1,7.6,1.1,3.9,3.2,2.347,0.046,7,0.033,1.627,0.008,10
27.2,10.5,2.2,4.6,18.4,2.281,0.034,8.2,0.089,1.517,0.003,3.5
29.2,9.8,2,4.2,16.9,2.1,0.035,8,0.009,1.543,0.009,3.1
27.6,9.7,2.2,5.3,29.4,1.902,0.019,8.6,0.013,1.695,0.001,5.6
27.5,10.4,1.7,5.6,24,1.871,0.014,8.7,0.001,1.549,0.001,5.4
26.2,8.9,1.1,4.2,14.1,1.794,0.023,7.6,0.001,1.627,0,4.2
25.2,8.3,1.2,3.8,20.8,1.72,0.014,7.3,0.013,1.315,0.001,4.9
23.9,9,1.1,4,21.6,1.532,0.009,7.5,0.008,1.17,0.001,4.3
23.4,8.8,1.5,3.7,16.3,1.587,0.012,7.5,0.013,1.181,0.001,5.4
22.2,8.6,0.9,3.6,7.4,1.606,0.013,7.5,0.031,1.122,0,3.4
20.4,9,0.9,2.9,19.4,1.485,0.01,7,0.1,1.125,0,4.3
19.2,8.4,0.8,4.1,15.8,1.358,0.009,7.9,0.052,1.258,0.001,4.1
19,9,0.8,3.6,11.7,1.386,0.009,7.5,0.028,1.034,0,3.3
17.7,8.9,0.8,2.9,10.5,1.415,0.01,7.2,0.035,1.182,0,2.7
14.6,9.5,0.7,3.2,8.7,1.458,0.011,7.7,0.016,1.204,0.001,2.9
13.7,10,0.4,2.2,8,1.449,0.008,7.8,0.018,1.238,0.002,2.2
13.5,9.9,0.9,2.4,9,1.572,0.033,7.4,0.031,1.357,0.001,2.6
12.4,10.3,0.6,2.9,10.5,1.505,0.009,8,0.02,1.412,0.001,2.6
9.2,10.2,0.6,2.4,7.1,1.713,0.011,8.4,0.032,1.561,0.001,1.6
7.3,10.6,0.5,2.1,5.1,1.861,0.012,7.6,0.039,1.676,0.002,2.2
6.9,11.2,0.7,2.7,6.5,2.081,0.01,7.7,0.051,1.805,0.001,1.7
5.3,11.5,0.4,2,5.3,2.295,0.009,8,0.067,2.027,0.001,1.6
4.6,13.6,1.4,4,6,3.264,0.012,7.6,0.092,2.607,0,1.2
7.2,13.3,1,3.7,5.8,2.867,0.012,7.1,0.121,2.306,0.001,1.9
8,12.8,0.9,3.5,4.9,2.851,0.011,7.7,0.158,2.39,0.001,2.5
9.4,12.3,1.1,3.9,6.7,2.694,0.013,7.6,0.165,2.348,0.001,2.9
11.9,11.8,1.3,4.4,12.6,2.666,0.016,8,0.246,2.098,0.001,3.2
13.1,11.1,1.6,3.8,14,2.412,0.02,7.8,0.047,1.906,0.001,6.3
14.5,11.3,1.3,3.9,15.9,2.211,0.018,8,0.039,1.998,0.001,5.5
18.2,11,1.3,3.7,10.4,2.173,0.015,7.9,0.015,1.997,0.001,5.5
17.2,10.6,1.2,3.3,8.9,2.007,0.012,7.8,0.021,1.69,0,4.3
18.3,10.3,1.5,3.4,6.1,1.927,0.012,7.6,0.009,1.564,0,3.6
18.6,10.8,1.1,3.7,6.8,1.723,0.011,8.2,0.006,1.529,0,2.8
21.4,10.1,0.8,2.8,2.9,1.873,0.012,8.1,0.046,1.631,0.001,1.3
23.4,9.9,1,3.5,2.9,1.787,0.014,8.4,0.049,1.403,0.001,1.3
23.5,9.5,0.9,4,2.2,1.703,0.015,7.8,0.054,1.339,0,0.7
23.9,9.1,0.9,5,6,1.726,0.013,8.2,0.064,1.258,0,1.6
24.8,8.8,1.4,4.3,8.7,1.532,0.015,8.1,0.043,1.123,0,2.1
19.2,7.4,1.1,4.2,4.6,2.032,0.044,7.4,0.063,1.646,0.003,10.6
20.5,8.1,0.5,3.9,5.8,2.326,0.047,7,0.045,1.921,0.007,10.3
18.3,8.9,0.6,3,6.8,2.203,0.041,6.9,0.023,1.751,0.001,5.2
19.9,9.5,0.8,3.1,7.7,1.996,0.025,8.5,0.028,1.63,0,4
24.7,9.4,0.7,4.2,15.7,1.971,0.028,8.2,0.017,1.604,0,4
27.7,10.2,1.1,3.8,7.6,1.973,0.022,8.7,0.024,1.527,0.001,2.2
30.6,6.8,0.7,3.7,4,1.856,0.016,8.5,0.021,1.517,0.005,0.9
28.6,8.6,0.7,3.5,12.1,1.648,0.017,7.8,0.014,1.337,0.004,2.1
25.7,7.7,1,3.7,13.1,1.539,0.012,7.5,0.026,1.242,0,4.5
24.5,7.9,0.5,3.2,7.6,1.603,0.01,7.4,0.02,1.368,0,2.3
23.9,7.2,0.7,3.6,8.8,1.665,0.012,7.5,0.012,1.362,0,2.5
23.3,7.7,0.6,2.8,5.4,1.484,0.015,7.4,0.015,1.279,0,2
22.5,8.3,0.6,2.9,4.7,1.553,0.009,7.6,0.021,1.283,0,1.9
21.7,7.8,0.7,3.3,7,1.352,0.013,7.3,0.028,1.256,0,2.9
20.5,8.5,0.8,2.7,7.6,1.431,0.018,7.5,0.019,1.108,0,2.6
19,8.8,0.5,3.3,7.4,1.389,0.013,7.6,0.015,1.106,0.001,2.1
18.1,8.8,0.6,3.6,7.9,1.228,0.014,7.5,0.013,1.04,0.001,2.8
16,7.5,0.6,3.3,8.7,1.33,0.013,7.5,0.012,1.07,0.002,2.5
14.4,9.2,0.7,2.9,8.5,1.252,0.011,7.1,0.032,1.05,0.001,2.1
13,10,0.7,3.3,9.6,1.357,0.009,7.5,0.027,1.195,0,2.6
11.8,10.8,0.6,3.2,6,1.451,0.008,7.4,0.017,1.224,0.001,2.2
8.9,10.7,0.4,3.9,4.9,1.4,0.008,7.6,0.022,1.317,0.001,1.7
7.7,11.2,0.6,3.5,3.8,1.602,0.012,7.6,0.026,1.39,0.001,1
6,11.4,0.8,3.3,3.1,1.846,0.01,7.6,0.032,1.555,0,1.1
4.8,11.9,0.5,3.4,3,1.951,0.01,7.6,0.055,1.679,0.001,0.9
4.3,12.1,0.7,4.3,4.8,2.073,0.014,6.9,0.092,1.762,0.001,1.8
3.2,12.6,1,3.2,4.1,2.198,0.011,8.1,0.08,1.951,0,1
3.9,12.8,0.7,3.4,3.9,2.124,0.012,7,0.049,1.781,0,1.4
3.3,12.3,0.9,2.5,5.4,2.08,0.008,8.5,0.058,1.73,0,1.6
4.2,13.1,0.9,2.6,5.3,1.982,0.009,7.9,0.109,1.703,0,1.6
4.2,14,1.1,3.4,5.5,2.002,0.01,7.7,0.064,1.633,0.001,2.5
5.4,13.7,0.8,3,4.5,1.913,0.007,7.7,0.044,1.593,0.001,1.8
7.2,13.3,0.9,3.1,5.6,1.943,0.011,7.9,0.047,1.52,0,2
7.9,13,0.9,3,5.1,1.896,0.008,7.8,0.066,1.537,0,2.3
9.2,12.5,0.7,2.9,5.1,1.801,0.01,7.7,0.069,1.499,0,1.7
11.5,12.3,1.1,3.1,5.6,1.903,0.01,7.6,0.047,1.616,0,2
14,11.7,1.3,3.1,8.3,1.821,0.013,7.8,0.041,1.626,0,2.2
14.5,11.5,0.9,3.1,3.4,1.901,0.01,7.6,0.027,1.661,0,1.9
18.2,10.9,1.1,3.2,4.3,1.786,0.011,7.4,0.027,1.54,0.001,2.2
17.4,10.5,1.2,3.6,5.4,1.596,0.01,7.7,0.037,1.328,0,3.2
16.7,10.7,1.1,3.9,6.9,1.623,0.013,7.6,0.036,1.29,0.001,3.6
21,10,0.7,3.3,2.7,1.685,0.011,7.8,0.037,1.374,0.001,0.9
20.5,10.1,0.8,3.2,3.3,1.551,0.014,7.9,0.045,1.318,0.001,1.8
21.2,9.8,0.8,3.3,2.1,1.604,0.008,7.8,0.042,1.262,0,1.4
16.7,10.3,0.7,3.1,3.4,1.419,0.007,7.7,0.03,1.253,0,1.8
24.4,9.7,0.9,3.1,3.1,1.527,0.011,8.1,0.033,1.178,0,1
24.8,9.1,0.8,3.5,3.8,1.421,0.009,7.8,0.028,1.147,0,1.1
24,7.5,1.2,4.1,12.6,2.247,0.026,7.1,0.048,1.922,0.007,6.1
23,8.9,0.9,4,14,1.721,0.024,7.5,0.017,1.471,0.001,5.3
26.4,8.9,0.9,3.7,8.9,1.704,0.016,8.1,0.009,1.394,0,3.1
24.6,8.3,0.8,3.5,8.2,1.562,0.017,7.5,0.017,1.249,0,5.1
21.1,9.1,1.6,5.4,6.1,2.379,0.135,7.3,0.028,1.722,0.028,47
20.6,10.5,0.7,4.1,3.3,1.857,0.037,7.4,0.003,1.473,0.004,10.4
21.1,10,0.7,3,7.5,1.944,0.017,7.6,0.004,1.655,0.001,3.6
20.1,10.2,0.7,3.2,4.4,1.901,0.014,8.3,0.012,1.708,0.002,2.1
20.6,9.8,0.8,3.1,5,2.104,0.014,8.3,0.004,1.788,0,3
20.7,9.6,0.7,3,6,2.072,0.017,8.1,0.009,1.674,0,1.9
20.5,9.4,0.6,3,4.6,1.97,0.012,7.6,0.002,1.582,0,1.4
17.5,8.5,0.6,3.2,4.4,1.79,0.013,7.3,0.013,1.607,0,2.2
16.2,9.1,0.6,3.4,5.6,1.732,0.012,7.4,0.024,1.47,0,2.6
15.1,9.1,0.6,3.2,4.8,1.742,0.011,7.4,0.04,1.445,0,2
14,9.5,0.4,3.4,5.9,1.904,0.013,7.3,0.028,1.456,0.001,1.8
11.5,9.6,0.9,3.3,4.3,1.685,0.023,7.4,0.035,1.459,0.002,2.1
8.7,10.3,0.4,3.2,2.9,1.731,0.008,7.3,0.046,1.478,0.003,1.7
6.7,11,0.6,3.8,2.2,1.842,0.008,7.6,0.054,1.527,0.002,1.1
6,11.2,0.4,3.3,2.3,1.8,0.008,7.6,0.056,1.562,0.001,1.3
4.1,11.8,0.4,3.4,2.9,1.758,0.01,7.7,0.058,1.473,0.001,0.8
2.3,12.1,0.6,3,2.6,1.829,0.01,7.9,0.067,1.452,0,0.8
2.5,12.4,0.7,2.7,2.3,1.724,0.012,8.1,0.076,1.508,0.002,1
1.8,12.6,1,2.9,4.8,1.741,0.007,8,0.121,1.485,0,1.2
1.7,12.6,1.1,3.2,5.2,1.549,0.012,7.9,0.101,1.348,0,1.4
3.7,13.3,0.8,3.2,6,1.64,0.014,7.6,0.09,1.358,0.001,2.4
4.9,14.9,0.8,3.1,5,1.712,0.01,7.9,0.108,1.389,0.001,2
6.2,14.2,1,3,5.3,1.841,0.012,7.8,0.084,1.559,0,2.4
7.6,14.3,1.1,3.3,7.4,1.944,0.012,8,0.09,1.548,0.003,2.4
11.6,12.3,1.3,3.7,9.1,2.076,0.013,8.6,0.068,1.719,0.001,2.9
9.3,11.8,1.3,4.4,15.4,1.969,0.016,8.1,0.043,1.653,0.001,6.1
10.9,11.6,1.2,3.8,12.4,1.837,0.013,8.1,0.045,1.597,0,4.7
11.9,11.1,1.3,4,14.6,1.887,0.014,8.1,0.023,1.559,0,5.5
14.4,11,1,3.6,9.1,2.482,0.018,8.4,0.019,2.147,0,4
15.6,10.8,1.5,3.7,23.1,2.153,0.016,8,0.017,1.845,0,5.7
15.8,10.4,1.4,3.7,16.5,2.03,0.019,7.9,0.022,1.769,0,5.4
13.7,10.1,0.8,3.2,1.8,2.461,0.075,7.3,0.04,2.042,0.009,13.3
16.3,10.5,0.9,3,7.9,2.192,0.02,7.9,0.01,1.866,0.001,4.5
17.8,10.7,0.8,2.8,3.9,1.844,0.013,7.8,0.018,1.577,0,2.4
18.3,10.1,0.9,3,6.5,1.725,0.013,8.8,0.013,1.51,0,2.6
18.4,10.2,0.4,3,3.8,1.549,0.011,8.8,0.019,1.346,0.002,2
23.5,9.7,1.1,3.5,4.7,1.967,0.014,9,0.023,1.52,0.001,1.9
20.6,9.2,1.5,3.5,22.8,1.971,0.028,7.5,0.004,1.614,0.003,6.5
23.2,9.6,1.3,3.2,14.8,1.838,0.02,8,0.004,1.428,0.002,4.7
27.6,9.3,1.3,3.5,8,1.887,0.017,8.8,0.024,1.454,0.002,3.2
28.5,8.4,1.4,3.9,11.6,1.774,0.017,8.8,0.029,1.376,0,3
31.2,8.7,1.3,4.2,8.9,1.886,0.019,8.8,0.024,1.443,0.002,2.4
31.4,8.3,1.2,4.3,9.1,1.574,0.017,8.6,0.013,1.268,0.002,2.9
28.3,8.3,1.5,4.3,21.8,1.542,0.021,8.4,0.012,1.11,0.001,4.7
24.3,7.5,1,3.8,12.8,1.39,0.025,7.7,0.024,1.122,0.002,3.9
21.6,8.3,0.5,3.8,4.6,2.106,0.05,7.2,0.022,1.92,0.019,7.1
21.8,8.7,0.8,3.4,11.5,2.104,0.035,7.4,0.01,1.928,0.006,4
22.2,9.6,1,3.7,15.6,2.377,0.019,8.6,0.017,2.022,0.001,3.3
20.1,9.4,1,4.3,23.7,2.263,0.021,8,0.01,1.958,0.002,6.2
19.5,9.8,1,4.3,19.6,2.092,0.022,8.2,0.014,1.84,0.001,6
18,8.8,1.3,3.4,10.1,1.876,0.023,7.6,0.028,1.654,0.002,4.4
16,9.8,1.3,3.6,16.2,1.955,0.022,7.5,0.014,1.587,0.004,4.6
15.1,10.1,0.9,3.7,10,2.108,0.019,7.5,0.017,1.768,0.003,3.4
13.5,10.1,0.8,3.4,10,2.019,0.014,7.8,0.025,1.675,0.003,3.1
13.3,10.5,0.8,3.4,11.5,2.029,0.012,7.6,0.039,1.799,0.002,3.1
10.9,10.5,0.8,3.4,8.2,2.021,0.016,7.4,0.044,1.857,0.001,2.5
10.2,10.7,0.9,3.3,8.4,1.973,0.021,7.6,0.03,1.694,0.001,2.9
7.9,11.3,0.7,3,8.8,1.901,0.015,7.6,0.025,1.801,0.001,2.7
7.1,11.7,0.9,2.9,5.3,1.812,0.012,7.2,0.019,1.683,0.001,1.6
4.9,12.1,0.7,2.8,3.5,1.744,0.01,7.2,0.031,1.561,0.001,1.8
3.9,12.6,0.4,2.7,2.9,1.701,0.009,7.8,0.031,1.538,0.001,1.6
3.1,12.8,0.6,2.9,2.2,1.73,0.01,8,0.017,1.485,0,1.5
3.7,13.9,0.6,3.4,1.7,1.929,0.013,8.1,0.122,1.449,0.002,2.4
4.8,13.9,0.9,3,5.5,1.82,0.01,7.7,0.156,1.449,0.002,2
5.4,13.9,0.8,3.2,6.6,1.88,0.011,8.2,0.162,1.477,0.004,2.2
5.5,13.6,0.9,3.1,6.6,1.82,0.02,7.5,0.141,1.425,0.004,2.2
6.6,13,1,3.4,7.4,1.865,0.012,7.6,0.138,1.408,0.001,2.6
8.4,12.7,1.2,3.2,9.3,1.814,0.013,7.5,0.091,1.482,0.002,3.2
9.3,12.5,1.1,3.5,9.9,1.872,0.012,7.5,0.088,1.447,0.002,3.1
10.2,12.3,1.5,3.6,11.6,1.82,0.013,7.7,0.063,1.517,0,3.9
13.2,11.7,1.5,3.5,9.1,1.687,0.012,7.9,0.029,1.354,0.001,3.6
13.4,11.2,1.3,3.6,7.8,1.835,0.014,7.6,0.011,1.445,0,4.2
15.1,10.6,1.6,3.8,12.8,1.633,0.017,7.2,0.018,1.266,0.001,4.7
16.8,10.2,1.1,3.8,5.8,1.49,0.016,7.8,0.023,1.157,0.001,3.4
17.6,9.8,0.9,3.3,4.8,1.432,0.013,7.8,0.032,1.231,0,2.3
20.2,10.1,0.7,3.3,3.4,1.479,0.011,8.7,0.033,1.304,0.001,1.2
20.3,9.9,0.7,3.4,2.6,1.245,0.01,8.2,0.033,1.197,0.001,1
18.9,9.9,0.8,3.2,7.9,1.175,0.014,8.1,0.022,1.029,0.001,2.2
20.7,10.4,1.2,3.4,5.4,1.425,0.01,8.8,0.025,1.058,0.002,2.8
22.2,9.7,0.9,3.3,3.5,1.205,0.01,7.9,0.053,1.057,0.005,1.4
24.2,8.8,0.8,3.8,3.9,1.387,0.016,8,0.067,1.165,0.001,1.6
21.7,9,0.8,3.2,4.8,1.206,0.015,7.5,0.04,1.005,0.001,2
23.3,8.9,0.7,3.4,4.6,1.277,0.009,7.7,0.04,1.037,0,1.8
25.3,8.3,1.3,3.5,3.6,1.352,0.011,7.8,0.061,1.034,0.001,0.9
21.9,8.1,0.6,4.3,5.2,1.841,0.046,7.4,0.077,1.425,0.011,8.3
23.3,8.9,0.5,3.8,7.2,2.297,0.039,8.6,0.025,2.074,0.011,5.6
25.1,8.7,1,3.9,15.1,1.984,0.022,8.3,0.014,1.736,0.001,3.6
23.6,9.5,1.7,4.8,28.8,1.943,0.051,7.9,0.014,1.442,0.001,5.6
25.4,10.4,1.6,5,20,1.785,0.016,9,0.02,1.342,0.001,4.9
23.6,9.3,1.2,4.4,13.8,1.739,0.018,7.9,0.02,1.303,0.001,4.7
22.1,9.1,1.4,3.9,19.7,1.721,0.023,7.5,0.01,1.319,0.002,4
21.5,8.1,0.8,3.1,6.9,1.79,0.019,7.5,0.025,1.611,0.005,3.1
20.1,8.7,1.1,3.5,10,1.77,0.017,7.5,0.014,1.532,0.002,4
20.5,8.6,1.1,3.7,11.5,1.791,0.019,7.7,0.014,1.559,0.003,3.5
19.4,9.1,0.9,3.3,11.4,1.593,0.014,7.8,0.011,1.375,0.002,3.5
18,9.9,1.2,3.6,9.8,1.731,0.017,7.4,0.014,1.452,0.002,3.1
17.2,9,0.6,3.2,9.2,1.724,0.012,7.4,0.012,1.462,0.001,3.4
16.2,9.3,0.7,3.1,7.1,1.772,0.013,7.8,0.012,1.392,0,3.2
15.7,9,0.6,3.1,7.1,1.87,0.013,7.5,0.024,1.43,0,2.5
13.5,9.7,0.8,2.9,6.3,1.674,0.012,7.8,0.024,1.423,0.001,2.7
11.1,10,0.5,3.1,4.5,1.883,0.013,7.6,0.051,1.438,0.003,3.2
8.4,11.4,0.5,3.1,4.3,2.158,0.014,7.7,0.037,1.814,0.003,2.3
7.5,11.7,0.5,3.1,3.9,1.864,0.01,7.7,0.033,1.637,0.001,2.2
5.2,12.3,0.5,3,3.6,1.953,0.014,7.8,0.041,1.683,0.003,1.7
4.9,12.8,0.9,3.4,9.1,1.818,0.011,7.9,0.019,1.558,0.001,2.9
4.2,13.7,1.1,3.6,16.3,1.725,0.013,8.2,0.019,1.609,0.001,3.6
3.6,13.3,1,3.2,13.2,1.796,0.01,8,0.008,1.573,0,3.7
2.8,13.5,0.9,3.1,11.6,1.829,0.01,7.8,0.015,1.515,0.002,3.1
2.1,13.4,0.7,3,8.9,1.843,0.01,7.7,0.036,1.626,0.001,2.6
3.9,12.6,1.7,3.8,8.9,2.597,0.025,7.3,0.059,2.042,0.005,3.9
3.5,13.9,0.9,3.1,16.1,2.422,0.011,8.4,0.009,1.963,0,3.8
3.5,14.1,1,3,14.5,2.025,0.011,8.6,0.006,1.818,0.001,3.4
3.1,13.8,0.9,2.9,9.6,1.832,0.016,8.6,0.008,1.64,0.001,2.8
3.7,13.4,1,2.8,9.2,1.722,0.01,8.5,0.025,1.596,0,2.8
4.3,13.5,1,3,8.5,1.81,0.011,8.5,0.021,1.489,0,3.1
5,13.2,0.8,2.8,8.7,1.851,0.011,8.4,0.035,1.619,0.001,2.8
6.8,13,1.2,2.8,8.5,1.983,0.012,8.4,0.041,1.632,0.001,3.7
6.9,12.6,0.9,3.1,11.6,1.94,0.014,7.8,0.026,1.687,0,4
8.7,12.7,1.5,3.7,21.4,1.811,0.013,8.2,0.02,1.553,0.001,5.5
9.8,12.7,1.2,3.8,25.4,1.679,0.012,8.6,0.005,1.487,0,6.6
11.1,12.2,1.2,4,20.8,1.53,0.014,8.5,0.007,1.348,0.001,6.7
11.6,11.5,1.1,3.8,15,1.591,0.01,8.1,0.01,1.404,0.001,4.8
12.9,10.9,1.3,3.8,10.8,1.577,0.014,7.9,0.014,1.32,0.001,3.4
12.9,10.7,1.2,3.2,5.6,1.489,0.013,7.7,0.035,1.307,0,2.4
16.6,9.8,1.1,2.6,4.4,1.505,0.014,7.5,0.017,1.341,0.002,1.5
17,9.6,0.8,2.9,4.3,1.418,0.016,7.6,0.031,1.159,0.001,2.5
18,10,1.1,3,7,1.345,0.014,6.9,0.019,1.166,0.001,2.9
18.1,10,1.3,3.2,9.8,1.538,0.023,7.1,0.023,1.309,0.001,3.6
21.3,10.2,1.3,3.2,8.9,1.489,0.016,7.8,0.009,1.379,0.002,2.7
24,9.4,1.1,3.3,7.8,1.553,0.013,8.4,0.026,1.312,0.001,2.6
25,8.9,0.7,3,3.9,1.555,0.015,7.9,0.044,1.317,0,1.4
25.9,8.9,0.9,3.6,6.5,1.499,0.014,7.8,0.038,1.082,0.004,1.8
24.7,8.9,1.2,3.8,10.9,1.346,0.013,7.8,0.033,1.078,0,2.1
24.7,9.3,1.6,3.6,12.8,1.208,0.014,7.7,0.006,1.028,0.002,2.8
22.5,8.2,0.8,3.2,6.5,1.239,0.013,7.4,0.032,0.995,0.002,2.3
22.9,8.1,0.6,3.4,6.1,1.194,0.027,7.4,0.032,1.019,0.003,5.6
21.2,8,0.6,3.1,7.5,1.505,0.016,7.3,0.042,1.281,0.003,3.8
20.4,9.1,0.8,3.2,1.5,1.75,0.07,7.3,0.026,1.482,0.016,17.3
21.5,9.1,0.9,3.1,7,1.996,0.048,7.4,0.013,1.493,0.006,12.2
21.3,8.5,0.7,2.9,4.4,1.69,0.06,7.4,0.022,1.403,0.01,11.9
19,10.3,0.7,3.1,5.9,1.398,0.078,7.7,0.037,1.101,0.009,18.7
19.6,9,0.4,3.1,3.1,1.578,0.048,7.5,0.008,1.236,0.011,8.3
18.4,9.6,0.6,3,5.3,1.526,0.039,7.8,0.004,1.429,0.008,7.5
18,9.5,0.5,3.1,6.4,1.516,0.029,7.4,0.004,1.371,0.008,6.5
17.3,9.3,0.4,2.5,4.5,1.488,0.03,7.3,0.006,1.388,0.002,6.1
16.9,9.8,0.6,3.1,9.2,1.542,0.022,7.8,0.002,1.321,0.003,5
15.1,9.9,0.6,3.3,8.1,1.429,0.023,7.5,0.005,1.36,0.002,5
13.8,10.1,0.8,3.2,7.8,1.456,0.02,7.6,0.007,1.319,0.002,4.9
13.8,10.1,0.6,3,6.9,1.419,0.025,7.4,0.014,1.282,0.002,4.2
11.6,10.6,0.6,3,5.3,1.436,0.018,7.7,0.008,1.381,0.002,4.1
11.1,11,0.9,3.3,7.2,1.476,0.017,7.8,0.006,1.375,0.001,3.1
9.5,10.9,0.6,3.2,3.6,1.707,0.02,7.5,0.018,1.515,0.002,3.7
7.1,11.7,0.6,3.2,3.1,1.629,0.012,7.6,0.014,1.351,0.002,1.8
6.9,11.5,0.5,3,4.4,1.683,0.016,7.6,0.017,1.502,0.002,2.1
4.7,12.3,0.7,3.1,6.5,2.034,0.013,8,0.016,1.796,0.002,2.7
3.1,12.8,0.7,3.2,4.4,1.578,0.012,8.7,0.017,1.473,0.001,2.6
3,13.4,0.6,3.2,8.9,1.755,0.012,7.5,0.019,1.621,0.001,3
3.4,13.5,0.5,3,5.4,1.65,0.009,7.9,0.048,1.479,0.001,1.7
2.8,13.6,0.5,2.8,6,1.674,0.01,7.6,0.1,1.458,0.001,2.1
3.6,12.6,0.8,2.8,5.8,1.563,0.01,7.7,0.044,1.436,0.001,2.6
4,13.1,1.1,2.8,6.9,1.6,0.02,7.6,0.062,1.389,0.001,4
5.9,13,0.9,3,6.5,1.792,0.015,7.6,0.08,1.539,0.002,2.5
7,12.7,1.5,3,7.4,1.799,0.014,7.7,0.046,1.552,0.003,2.6
8.4,12.2,1.2,3.3,7.8,1.978,0.013,7.9,0.06,1.723,0.001,3
10.4,11.1,1.1,2.9,7.6,1.866,0.014,7.9,0.031,1.688,0,2.9
11.4,10.7,1,3.1,6.5,2.202,0.023,7.4,0.056,1.954,0.002,4.7
13.1,10.9,1.2,3.2,10.7,2.136,0.016,7.5,0.025,1.835,0.001,4
12.8,11,1.3,2.7,9.2,2.14,0.015,8.3,0.015,1.835,0,4.1
14.9,10.6,1.3,3.2,10.1,1.936,0.014,7.7,0.011,1.621,0.003,4.7
14.8,10.5,0.8,3,8.9,1.736,0.013,7.5,0.016,1.642,0.002,4.4
14.2,10.1,0.9,2.9,6.7,1.718,0.016,7.7,0.023,1.43,0.002,4.9
15.9,10,0.9,3.2,10.5,1.719,0.031,6.9,0.037,1.377,0,9.4
17.3,10.2,1,3.1,8.7,2.149,0.026,7.2,0.018,1.967,0.001,5
16.9,10.5,0.7,3,6.7,2.016,0.016,7.6,0.012,1.794,0.001,4.5
17.5,10.4,0.9,2.7,5.6,1.817,0.014,7.4,0.022,1.578,0.002,3.4
21.8,10,0.8,2.8,5.1,1.715,0.014,7.4,0.025,1.444,0,3.2
21.7,9.9,1.1,2.7,6,1.651,0.012,7.7,0.012,1.392,0,2.5
21.4,9.6,1.1,3,8.9,1.498,0.012,7.5,0.01,1.229,0.001,3.4
20.6,9,1.3,3.2,11.4,1.564,0.021,7.3,0.025,1.22,0.002,5.1
23,9,1.2,3.9,12,1.752,0.069,7.8,0.037,1.374,0.003,15.4
25.8,8.6,1.1,3.7,15.6,1.647,0.017,7.7,0.011,1.39,0.002,4.2
28,8.3,1.1,3.1,11.8,1.486,0.014,7.8,0.018,1.289,0,2.6
28.5,6.9,1,3.2,9.6,1.397,0.014,7.3,0.055,1.199,0,2
27.8,7,0.7,3,7,1.502,0.014,7.5,0.067,1.244,0,2.1
26.2,6.2,0.9,3,8.3,1.467,0.013,7.1,0.128,1.149,0.002,2.5
25.3,6.7,1,3.5,12.7,1.277,0.018,7.2,0.047,0.942,0.001,3.5
24,7.9,1.5,3.6,17.6,1.653,0.021,7.3,0.018,1.353,0,3.6
22.8,8.5,1.2,3.5,18.9,1.562,0.028,7.3,0.008,1.305,0.001,4.7
22.4,8.6,1.2,3,16.9,1.739,0.017,7.5,0.021,1.559,0.001,3.6
21.8,8.7,1.3,3.5,19.4,1.797,0.021,7.5,0.013,1.633,0.002,3.9
22.5,8.1,0.8,2.9,11.4,1.522,0.012,7.3,0.015,1.273,0,2.9
20.4,8.2,0.9,2.9,13.4,1.462,0.016,7.3,0.014,1.114,0.001,3
18.1,9.2,0.8,2.9,11,1.476,0.012,7.4,0.006,1.249,0.001,3
15.5,9.5,1,2.7,9.8,1.5,0.013,7.8,0.002,1.325,0.001,2.9
15.7,9.6,0.7,2.8,7.1,1.594,0.011,7.4,0.013,1.291,0.001,2.1
13.3,10,0.9,2.3,4.9,1.671,0.011,7.4,0.016,1.453,0.001,2.1
12,10.8,1,2.9,7.6,1.662,0.011,7.6,0.013,1.452,0.001,2.2
11,11,0.8,2.7,5.4,1.587,0.009,7.6,0.015,1.394,0,2
8.3,12.4,0.6,2.6,4,1.665,0.008,7.7,0.01,1.538,0,1.6
6.6,12,0.7,2.9,5.4,1.767,0.011,7.6,0.015,1.621,0.001,1.7
6,12.6,1.2,3,7.6,1.803,0.013,7.7,0.014,1.584,0.001,1.6
4.8,12.7,1.1,3,7.2,1.898,0.012,7.6,0.035,1.615,0,1.3
3.8,13.8,0.7,2.9,3.6,1.97,0.01,8.9,0.096,1.74,0.001,4.4
4.2,13.5,0.7,2.6,4.1,1.813,0.01,7.8,0.098,1.52,0.001,1.5
5.5,13.2,0.7,2.5,4.3,1.797,0.012,7.8,0.105,1.488,0.001,1.6
7.1,12.7,0.9,2.9,5.1,1.877,0.011,7.7,0.097,1.498,0.001,1.9
8.3,11.9,0.8,2.7,6.5,2.254,0.015,7.5,0.085,1.933,0.002,2.6
10.2,12.1,1,2.7,7.2,2.362,0.011,7.9,0.025,1.919,0.001,2.9
12.7,11.6,1.1,2.7,6.2,2.219,0.012,7.7,0.02,2.041,0.002,3
13.8,11.4,1.5,3.4,12.3,2.267,0.022,8.4,0.02,1.995,0.002,4.1
16.1,10.8,1.6,3.3,8.3,1.919,0.015,8.1,0.012,1.843,0.002,3.4
15.4,10.5,1.1,2.9,7.2,1.83,0.017,8.1,0.049,1.63,0,3.6
16.3,10.3,0.9,2.9,7.6,1.718,0.013,8,0.034,1.533,0.001,2.8
17.6,10.5,1.2,3.2,8.9,1.668,0.014,8.1,0.024,1.438,0,3.2
20.8,10.3,1.5,3.2,6.9,1.773,0.016,8.1,0.04,1.346,0.002,2.1
20.8,9.8,1,3,5.3,1.628,0.014,8.3,0.05,1.379,0,1.5
19.9,9.7,0.7,3.4,11,1.474,0.014,7.8,0.022,1.361,0,3.5
21.7,10.1,1.5,3.8,14.7,1.47,0.016,8.5,0.016,1.232,0,4.1
22.1,10.7,2.6,5,22.1,1.587,0.028,8.9,0.022,1.278,0.002,5.9
20.6,8.2,1.1,3.8,8.5,1.83,0.034,7.7,0.07,1.588,0.004,8.7
21.4,9,0.8,3.6,6.5,2.557,0.032,7.6,0.03,2.376,0.012,5.5
25.1,11.2,1.5,4.5,27.3,2.528,0.031,9,0.018,2.19,0.003,5.9
21.8,9.1,1,4.3,10,2.156,0.03,7.5,0.067,1.967,0.009,6.1
23.3,9.3,1,3.5,13.4,2.137,0.025,8.1,0.014,1.827,0,6.2
24.2,8.8,1.2,3.5,18.3,1.915,0.038,7.7,0.036,1.611,0.002,9
22.3,9.6,0.5,2.9,4.3,1.725,0.022,7.8,0.015,1.621,0.005,6.6
23.1,8.8,0.6,3,7.9,1.897,0.02,7.7,0.013,1.575,0.003,3.9
21.9,9.5,0.8,3.2,11.1,1.818,0.017,7.9,0.009,1.519,0.004,3.6
